{"cameraMode":{"drawMode":0,"name":"Shaded","section":"Shading Mode"},"sceneLighting":false,"audioPlay":false,"sceneViewState":{"showFog":true,"showMaterialUpdate":true,"showSkybox":true,"showFlares":true,"showImageEffects":true,"showParticleSystems":true},"in2DMode":false,"pivot":{"x":907.4661865234375,"y":845.2410278320313,"z":24.057373046875},"rotation":{"x":-0.004183431621640921,"y":0.061456792056560519,"z":0.00024209039111156017,"w":0.9981073141098023},"size":804.1190795898438,"orthographic":false}